Sample in Buffer,Sample in Window,TRIGGER,i_system_wrapper/system_i/util_fmcjesdadc1_xcvr_rx_out_clk_0,i_system_wrapper/system_i/axi_ad9250_core_adc_data_a[31:0],data_a_high[13:0],i_system_wrapper/system_i/axi_ad9250_core_adc_data_b[31:0],i_system_wrapper/system_i/axi_ad9250_core_rx_ready,i_system_wrapper/system_i/axi_ad9250_core_adc_clk,i_system_wrapper/system_i/axi_ad9250_core_adc_valid_a
Radix - UNSIGNED,UNSIGNED,UNSIGNED,HEX,HEX,SIGNED,HEX,HEX,HEX,HEX
0,0,1,0,00ad006d,173,ff67ffa6,1,0,1
1,1,0,0,0023008d,35,ffebff83,1,0,1
2,2,0,0,ff6dffac,-147,00a30064,1,0,1
3,3,0,0,fffbff8f,-5,00180085,1,0,1
4,4,0,0,00aa0073,170,ff64ffa7,1,0,1
5,5,0,0,0024008d,36,fff0ff85,1,0,1
6,6,0,0,ff6effad,-146,00a50061,1,0,1
7,7,0,0,fff7ff8c,-9,00170083,1,0,1
8,8,0,0,00ac006b,172,ff67ffa5,1,0,1
9,9,0,0,0023008f,35,ffecff84,1,0,1
10,10,0,0,ff6fffae,-145,00a10063,1,0,1
11,11,0,0,fff7ff90,-9,00150081,1,0,1
12,12,0,0,00ac006d,172,ff65ffa2,1,0,1
13,13,0,0,00230089,35,ffeeff82,1,0,1
14,14,0,0,ff6cffad,-148,00a50064,1,0,1
15,15,0,0,fff5ff8c,-11,001c0083,1,0,1
16,16,0,0,00ab006c,171,ff68ffa5,1,0,1
17,17,0,0,0025008c,37,ffecff85,1,0,1
18,18,0,0,ff6fffb0,-145,00a00062,1,0,1
19,19,0,0,fff8ff8f,-8,00150086,1,0,1
20,20,0,0,00ab006f,171,ff64ffa0,1,0,1
21,21,0,0,0022008d,34,fff0ff83,1,0,1
22,22,0,0,ff70ffab,-144,00a10065,1,0,1
23,23,0,0,fff8ff8b,-8,001a0083,1,0,1
24,24,0,0,00ae0070,174,ff65ffa5,1,0,1
25,25,0,0,0025008d,37,ffebff88,1,0,1
26,26,0,0,ff71ffa9,-143,00a10061,1,0,1
27,27,0,0,fff6ff8e,-10,00180084,1,0,1
28,28,0,0,00ad006c,173,ff66ffa6,1,0,1
29,29,0,0,00250089,37,ffeeff82,1,0,1
30,30,0,0,ff6fffae,-145,00a30066,1,0,1
31,31,0,0,fff5ff8e,-11,001e0085,1,0,1
32,32,0,0,00ad006b,173,ff66ffa3,1,0,1
33,33,0,0,0021008d,33,ffeeff84,1,0,1
34,34,0,0,ff6effb1,-146,00a00064,1,0,1
35,35,0,0,fff8ff8f,-8,001a0080,1,0,1
36,36,0,0,00ab006d,171,ff65ffa4,1,0,1
37,37,0,0,0023008d,35,ffecff83,1,0,1
38,38,0,0,ff71ffab,-143,00a10061,1,0,1
39,39,0,0,fff9ff8f,-7,001a0082,1,0,1
40,40,0,0,00ab0070,171,ff68ffa5,1,0,1
41,41,0,0,0025008d,37,ffeeff87,1,0,1
42,42,0,0,ff6cffae,-148,00a10062,1,0,1
43,43,0,0,fff5ff8f,-11,00140084,1,0,1
44,44,0,0,00ad006e,173,ff65ffa3,1,0,1
45,45,0,0,0021008d,33,ffefff84,1,0,1
46,46,0,0,ff70ffac,-144,00a50061,1,0,1
47,47,0,0,fff9ff8b,-7,001b0082,1,0,1
48,48,0,0,00aa006f,170,ff65ffa2,1,0,1
49,49,0,0,0023008d,35,ffedff83,1,0,1
50,50,0,0,ff71ffaf,-143,00a10061,1,0,1
51,51,0,0,fff9ff8c,-7,001c0082,1,0,1
52,52,0,0,00ac006f,172,ff66ffa5,1,0,1
53,53,0,0,0022008e,34,ffeeff83,1,0,1
54,54,0,0,ff70ffaf,-144,009f0063,1,0,1
55,55,0,0,fff8ff8f,-8,00190083,1,0,1
56,56,0,0,00ac006e,172,ff69ffa6,1,0,1
57,57,0,0,0024008c,36,ffecff86,1,0,1
58,58,0,0,ff6effaf,-146,00a20066,1,0,1
59,59,0,0,fff8ff8d,-8,001b0085,1,0,1
60,60,0,0,00ae0070,174,ff65ffa4,1,0,1
61,61,0,0,0024008c,36,ffefff87,1,0,1
62,62,0,0,ff6fffaf,-145,00a10064,1,0,1
63,63,0,0,fff8ff90,-8,001e0081,1,0,1
64,64,0,0,00ae006d,174,ff67ffa5,1,0,1
65,65,0,0,0023008d,35,ffefff86,1,0,1
66,66,0,0,ff72ffaf,-142,00a40063,1,0,1
67,67,0,0,fff9ff8f,-7,00180082,1,0,1
68,68,0,0,00aa006d,170,ff69ffa4,1,0,1
69,69,0,0,00240090,36,fff2ff84,1,0,1
70,70,0,0,ff71ffad,-143,00a30063,1,0,1
71,71,0,0,fffaff8e,-6,001c0083,1,0,1
72,72,0,0,00ac006d,172,ff66ffa8,1,0,1
73,73,0,0,0023008a,35,fff0ff85,1,0,1
74,74,0,0,ff70ffac,-144,00a30067,1,0,1
75,75,0,0,fff8ff8c,-8,001a0086,1,0,1
76,76,0,0,00ad006e,173,ff66ffa3,1,0,1
77,77,0,0,0025008e,37,ffedff85,1,0,1
78,78,0,0,ff6dffaf,-147,00a20064,1,0,1
79,79,0,0,fffaff8f,-6,00160083,1,0,1
80,80,0,0,00b0006f,176,ff67ffa1,1,0,1
81,81,0,0,0023008c,35,ffeeff85,1,0,1
82,82,0,0,ff73ffad,-141,009f0065,1,0,1
83,83,0,0,fff7ff8f,-9,001b0082,1,0,1
84,84,0,0,00ab006f,171,ff65ffa3,1,0,1
85,85,0,0,0024008f,36,ffedff83,1,0,1
86,86,0,0,ff70ffae,-144,00a10061,1,0,1
87,87,0,0,fff8ff8e,-8,001a0082,1,0,1
88,88,0,0,00ab006f,171,ff62ffa3,1,0,1
89,89,0,0,00220090,34,ffeeff86,1,0,1
90,90,0,0,ff71ffae,-143,00a20062,1,0,1
91,91,0,0,fff8ff8e,-8,00190083,1,0,1
92,92,0,0,00ac006d,172,ff66ffa3,1,0,1
93,93,0,0,0026008d,38,ffedff85,1,0,1
94,94,0,0,ff6fffb0,-145,00a00063,1,0,1
95,95,0,0,fff9ff8e,-7,001b0084,1,0,1
96,96,0,0,00af0071,175,ff66ffa6,1,0,1
97,97,0,0,0025008e,37,ffeeff84,1,0,1
98,98,0,0,ff6fffb0,-145,00a10062,1,0,1
99,99,0,0,fff8ff8f,-8,00180081,1,0,1
100,100,0,0,00ab0071,171,ff67ffa2,1,0,1
101,101,0,0,0026008d,38,ffecff84,1,0,1
102,102,0,0,ff6effad,-146,009f0062,1,0,1
103,103,0,0,fff8ff8d,-8,001a0081,1,0,1
104,104,0,0,00b0006d,176,ff66ffa4,1,0,1
105,105,0,0,00260090,38,ffeeff86,1,0,1
106,106,0,0,ff71ffad,-143,00a20060,1,0,1
107,107,0,0,fff9ff8c,-7,00180086,1,0,1
108,108,0,0,00ae006c,174,ff66ffa1,1,0,1
109,109,0,0,0021008f,33,ffefff84,1,0,1
110,110,0,0,ff70ffaf,-144,00a10064,1,0,1
111,111,0,0,fff9ff8d,-7,001a0084,1,0,1
112,112,0,0,00aa006e,170,ff66ffa2,1,0,1
113,113,0,0,0024008d,36,ffecff84,1,0,1
114,114,0,0,ff6effb0,-146,009f0063,1,0,1
115,115,0,0,fffaff90,-6,001b0082,1,0,1
116,116,0,0,00ab006f,171,ff67ffa3,1,0,1
117,117,0,0,0020008f,32,ffeaff83,1,0,1
118,118,0,0,ff6effb0,-146,00a30062,1,0,1
119,119,0,0,fff7ff8e,-9,001a0081,1,0,1
120,120,0,0,00ac006e,172,ff68ffa5,1,0,1
121,121,0,0,00250090,37,ffecff82,1,0,1
122,122,0,0,ff71ffad,-143,00a10064,1,0,1
123,123,0,0,fff8ff8e,-8,00180084,1,0,1
124,124,0,0,00ae006e,174,ff66ffa1,1,0,1
125,125,0,0,0022008e,34,ffedff84,1,0,1
126,126,0,0,ff6dffad,-147,00a10061,1,0,1
127,127,0,0,fff6ff8e,-10,00190083,1,0,1
128,128,0,0,00ab006d,171,ff65ffa3,1,0,1
129,129,0,0,0026008e,38,ffeaff86,1,0,1
130,130,0,0,ff6fffad,-145,009e0063,1,0,1
131,131,0,0,fff6ff8d,-10,001b0082,1,0,1
132,132,0,0,00af006e,175,ff63ffa3,1,0,1
133,133,0,0,00250089,37,ffe9ff85,1,0,1
134,134,0,0,ff6fffac,-145,00a00061,1,0,1
135,135,0,0,fff5ff8e,-11,001a0085,1,0,1
136,136,0,0,00ad006d,173,ff62ffa1,1,0,1
137,137,0,0,0023008b,35,fff0ff86,1,0,1
138,138,0,0,ff71ffae,-143,00a40063,1,0,1
139,139,0,0,fff9ff8f,-7,00190081,1,0,1
140,140,0,0,00ae006c,174,ff66ffa3,1,0,1
141,141,0,0,0023008b,35,fff0ff81,1,0,1
142,142,0,0,ff70ffad,-144,009f0064,1,0,1
143,143,0,0,fff9ff8f,-7,001b0084,1,0,1
144,144,0,0,00ad006d,173,ff68ffa2,1,0,1
145,145,0,0,0025008d,37,ffedff85,1,0,1
146,146,0,0,ff70ffad,-144,00a20065,1,0,1
147,147,0,0,fff7ff8b,-9,001a0083,1,0,1
148,148,0,0,00ac006e,172,ff66ffa6,1,0,1
149,149,0,0,0024008d,36,ffecff87,1,0,1
150,150,0,0,ff6effaa,-146,00a10062,1,0,1
151,151,0,0,fff9ff8e,-7,00190082,1,0,1
152,152,0,0,00ab006d,171,ff65ffa2,1,0,1
153,153,0,0,0023008c,35,ffeeff82,1,0,1
154,154,0,0,ff70ffaf,-144,00a20062,1,0,1
155,155,0,0,fff8ff8d,-8,00190084,1,0,1
156,156,0,0,00ae006e,174,ff68ffa2,1,0,1
157,157,0,0,0023008f,35,fff0ff83,1,0,1
158,158,0,0,ff70ffac,-144,00a10062,1,0,1
159,159,0,0,fff9ff8f,-7,001b0083,1,0,1
160,160,0,0,00ad0070,173,ff68ffa3,1,0,1
161,161,0,0,0026008e,38,ffecff83,1,0,1
162,162,0,0,ff6fffad,-145,00a20062,1,0,1
163,163,0,0,fffaff8e,-6,001b0082,1,0,1
164,164,0,0,00ac0071,172,ff66ffa3,1,0,1
165,165,0,0,0023008e,35,ffedff83,1,0,1
166,166,0,0,ff71ffaf,-143,00a40062,1,0,1
167,167,0,0,fff9ff8c,-7,001a0081,1,0,1
168,168,0,0,00ab006e,171,ff66ffa4,1,0,1
169,169,0,0,00250091,37,ffefff84,1,0,1
170,170,0,0,ff71ffae,-143,00a10065,1,0,1
171,171,0,0,fff7ff8e,-9,00190081,1,0,1
172,172,0,0,00ae0070,174,ff65ffa3,1,0,1
173,173,0,0,0024008d,36,ffedff86,1,0,1
174,174,0,0,ff71ffaf,-143,00a30063,1,0,1
175,175,0,0,fff9ff8e,-7,001b0084,1,0,1
176,176,0,0,00ac006d,172,ff67ffa3,1,0,1
177,177,0,0,0025008e,37,ffeeff86,1,0,1
178,178,0,0,ff72ffad,-142,00a10064,1,0,1
179,179,0,0,fff6ff8f,-10,001a0082,1,0,1
180,180,0,0,00aa006f,170,ff66ffa3,1,0,1
181,181,0,0,00270091,39,ffedff85,1,0,1
182,182,0,0,ff71ffad,-143,009d005f,1,0,1
183,183,0,0,fff7ff8f,-9,001d0082,1,0,1
184,184,0,0,00ac006c,172,ff64ffa5,1,0,1
185,185,0,0,0026008e,38,ffedff84,1,0,1
186,186,0,0,ff71ffaf,-143,009f0062,1,0,1
187,187,0,0,fff6ff8b,-10,001d0084,1,0,1
188,188,0,0,00ac006f,172,ff66ffa5,1,0,1
189,189,0,0,0022008e,34,ffecff82,1,0,1
190,190,0,0,ff71ffaf,-143,00a10063,1,0,1
191,191,0,0,fffbff8d,-5,00170084,1,0,1
192,192,0,0,00ac0070,172,ff63ffa0,1,0,1
193,193,0,0,0024008d,36,ffedff82,1,0,1
194,194,0,0,ff6fffae,-145,00a20060,1,0,1
195,195,0,0,fff9ff8e,-7,001b0084,1,0,1
196,196,0,0,00ac006c,172,ff66ffa4,1,0,1
197,197,0,0,0022008d,34,ffeeff85,1,0,1
198,198,0,0,ff70ffb1,-144,009f0061,1,0,1
199,199,0,0,fff9ff90,-7,001b0082,1,0,1
200,200,0,0,00af006d,175,ff63ffa4,1,0,1
201,201,0,0,0023008d,35,ffeeff84,1,0,1
202,202,0,0,ff6dffaf,-147,00a0005f,1,0,1
203,203,0,0,fff9ff90,-7,001a0081,1,0,1
204,204,0,0,00aa006b,170,ff64ffa5,1,0,1
205,205,0,0,0026008a,38,ffedff85,1,0,1
206,206,0,0,ff6fffb0,-145,00a20062,1,0,1
207,207,0,0,fff8ff8d,-8,001a0080,1,0,1
208,208,0,0,00ad006e,173,ff67ffa4,1,0,1
209,209,0,0,0024008e,36,ffedff87,1,0,1
210,210,0,0,ff70ffb0,-144,009e0062,1,0,1
211,211,0,0,fff8ff8f,-8,00180081,1,0,1
212,212,0,0,00ac0071,172,ff65ffa1,1,0,1
213,213,0,0,00270090,39,ffecff85,1,0,1
214,214,0,0,ff71ffab,-143,00a10063,1,0,1
215,215,0,0,fff7ff8d,-9,00160084,1,0,1
216,216,0,0,00ac006e,172,ff66ffa1,1,0,1
217,217,0,0,0025008e,37,ffecff84,1,0,1
218,218,0,0,ff72ffae,-142,00a00064,1,0,1
219,219,0,0,fff7ff8f,-9,001c0080,1,0,1
220,220,0,0,00ac0072,172,ff64ffa2,1,0,1
221,221,0,0,0025008c,37,ffedff82,1,0,1
222,222,0,0,ff72ffac,-142,00a00061,1,0,1
223,223,0,0,fff8ff8b,-8,001a0082,1,0,1
224,224,0,0,00ad006f,173,ff65ffa1,1,0,1
225,225,0,0,0024008d,36,ffedff86,1,0,1
226,226,0,0,ff6effaf,-146,009f0064,1,0,1
227,227,0,0,fff8ff8f,-8,00160083,1,0,1
228,228,0,0,00ae006e,174,ff65ffa2,1,0,1
229,229,0,0,0027008d,39,ffeeff83,1,0,1
230,230,0,0,ff72ffac,-142,00a10065,1,0,1
231,231,0,0,fff7ff91,-9,001b0084,1,0,1
232,232,0,0,00af0072,175,ff65ffa2,1,0,1
233,233,0,0,0023008d,35,ffedff83,1,0,1
234,234,0,0,ff70ffb0,-144,00a30062,1,0,1
235,235,0,0,fff8ff8d,-8,00190085,1,0,1
236,236,0,0,00ad006f,173,ff66ffa6,1,0,1
237,237,0,0,0027008f,39,ffedff84,1,0,1
238,238,0,0,ff6fffae,-145,009f0062,1,0,1
239,239,0,0,fff6ff8e,-10,00180081,1,0,1
240,240,0,0,00ad006f,173,ff66ffa3,1,0,1
241,241,0,0,0026008e,38,ffebff83,1,0,1
242,242,0,0,ff72ffb0,-142,00a10061,1,0,1
243,243,0,0,fff7ff8d,-9,00190081,1,0,1
244,244,0,0,00ad006f,173,ff67ffa3,1,0,1
245,245,0,0,0026008e,38,ffebff82,1,0,1
246,246,0,0,ff71ffb1,-143,00a00062,1,0,1
247,247,0,0,fff8ff8d,-8,00190082,1,0,1
248,248,0,0,00af006f,175,ff66ffa4,1,0,1
249,249,0,0,0024008e,36,ffeeff83,1,0,1
250,250,0,0,ff6cffb0,-148,00a20063,1,0,1
251,251,0,0,fff9ff8e,-7,00170081,1,0,1
252,252,0,0,00ac0070,172,ff65ffa3,1,0,1
253,253,0,0,0022008e,34,ffedff84,1,0,1
254,254,0,0,ff70ffaf,-144,00a30063,1,0,1
255,255,0,0,fff8ff92,-8,00170080,1,0,1
256,256,0,0,00ac006e,172,ff66ffa3,1,0,1
257,257,0,0,0025008d,37,ffeeff83,1,0,1
258,258,0,0,ff6fffb0,-145,00a10063,1,0,1
259,259,0,0,fff9ff8f,-7,001a0082,1,0,1
260,260,0,0,00ac0070,172,ff66ffa4,1,0,1
261,261,0,0,0023008f,35,ffeeff85,1,0,1
262,262,0,0,ff70ffad,-144,00a40065,1,0,1
263,263,0,0,fff7ff8f,-9,001b0083,1,0,1
264,264,0,0,00ab006f,171,ff67ffa2,1,0,1
265,265,0,0,0024008d,36,ffedff86,1,0,1
266,266,0,0,ff70ffaf,-144,00a20065,1,0,1
267,267,0,0,fff8ff8e,-8,001a0084,1,0,1
268,268,0,0,00af0071,175,ff62ffa2,1,0,1
269,269,0,0,0028008f,40,ffecff87,1,0,1
270,270,0,0,ff6effb1,-146,00a10063,1,0,1
271,271,0,0,fff7ff8e,-9,00170081,1,0,1
272,272,0,0,00ac006c,172,ff65ffa3,1,0,1
273,273,0,0,0025008d,37,ffecff82,1,0,1
274,274,0,0,ff6effaf,-146,00a10063,1,0,1
275,275,0,0,fffbff8e,-5,001a0085,1,0,1
276,276,0,0,00aa006f,170,ff65ffa2,1,0,1
277,277,0,0,0024008e,36,ffeeff83,1,0,1
278,278,0,0,ff71ffad,-143,00a30064,1,0,1
279,279,0,0,fffcff90,-4,00180084,1,0,1
280,280,0,0,00ac0071,172,ff64ffa3,1,0,1
281,281,0,0,0021008e,33,ffeeff84,1,0,1
282,282,0,0,ff70ffaf,-144,009e0061,1,0,1
283,283,0,0,fff9ff8d,-7,00180081,1,0,1
284,284,0,0,00ac006e,172,ff68ffa2,1,0,1
285,285,0,0,0023008f,35,ffecff83,1,0,1
286,286,0,0,ff72ffaf,-142,00a30061,1,0,1
287,287,0,0,fff9ff8b,-7,00180084,1,0,1
288,288,0,0,00ac006d,172,ff66ffa3,1,0,1
289,289,0,0,0022008e,34,fff0ff84,1,0,1
290,290,0,0,ff6dffb0,-147,00a20063,1,0,1
291,291,0,0,fffaff8e,-6,001a0084,1,0,1
292,292,0,0,00ae0070,174,ff66ffa3,1,0,1
293,293,0,0,0025008c,37,ffedff85,1,0,1
294,294,0,0,ff70ffaf,-144,00a4005f,1,0,1
295,295,0,0,fffaff8e,-6,001b0084,1,0,1
296,296,0,0,00ab006e,171,ff68ffa3,1,0,1
297,297,0,0,0026008e,38,ffebff85,1,0,1
298,298,0,0,ff6effac,-146,00a00061,1,0,1
299,299,0,0,fff8ff8c,-8,001a0081,1,0,1
300,300,0,0,00b0006e,176,ff67ffa2,1,0,1
301,301,0,0,0023008c,35,ffedff85,1,0,1
302,302,0,0,ff71ffb0,-143,00a10063,1,0,1
303,303,0,0,fff7ff8c,-9,001b0082,1,0,1
304,304,0,0,00ac0072,172,ff63ffa1,1,0,1
305,305,0,0,0026008d,38,ffedff83,1,0,1
306,306,0,0,ff71ffb2,-143,00a30064,1,0,1
307,307,0,0,fffaff8e,-6,001a0085,1,0,1
308,308,0,0,00ad006e,173,ff67ffa6,1,0,1
309,309,0,0,0025008c,37,ffebff84,1,0,1
310,310,0,0,ff6effaf,-146,009e0065,1,0,1
311,311,0,0,fffdff8f,-3,00150084,1,0,1
312,312,0,0,00ae0070,174,ff66ffa8,1,0,1
313,313,0,0,0021008c,33,ffecff85,1,0,1
314,314,0,0,ff6dffac,-147,00a10060,1,0,1
315,315,0,0,fff9ff8e,-7,00180086,1,0,1
316,316,0,0,00ae006f,174,ff66ffa5,1,0,1
317,317,0,0,0027008b,39,fff1ff85,1,0,1
318,318,0,0,ff70ffac,-144,00a30063,1,0,1
319,319,0,0,fff8ff8c,-8,001a0081,1,0,1
320,320,0,0,00af006c,175,ff65ffa2,1,0,1
321,321,0,0,0029008a,41,ffeeff86,1,0,1
322,322,0,0,ff6fffb0,-145,00a20061,1,0,1
323,323,0,0,fff8ff8d,-8,001b007f,1,0,1
324,324,0,0,00ad0070,173,ff66ffa3,1,0,1
325,325,0,0,0021008c,33,ffebff87,1,0,1
326,326,0,0,ff72ffad,-142,00a10065,1,0,1
327,327,0,0,fff6ff90,-10,001a0084,1,0,1
328,328,0,0,00ad006c,173,ff65ffa3,1,0,1
329,329,0,0,0025008d,37,ffedff87,1,0,1
330,330,0,0,ff6effaf,-146,00a20062,1,0,1
331,331,0,0,fffaff8e,-6,001a0080,1,0,1
332,332,0,0,00ae006f,174,ff66ffa3,1,0,1
333,333,0,0,0024008e,36,ffedff83,1,0,1
334,334,0,0,ff6effae,-146,00a00061,1,0,1
335,335,0,0,fff8ff8f,-8,00180085,1,0,1
336,336,0,0,00ab006c,171,ff62ffa4,1,0,1
337,337,0,0,0026008f,38,ffefff84,1,0,1
338,338,0,0,ff72ffad,-142,00a00062,1,0,1
339,339,0,0,fff9ff8f,-7,00170083,1,0,1
340,340,0,0,00ac006f,172,ff65ffa5,1,0,1
341,341,0,0,0026008d,38,ffedff82,1,0,1
342,342,0,0,ff6dffae,-147,009e0061,1,0,1
343,343,0,0,fffaff8e,-6,001b0081,1,0,1
344,344,0,0,00ac006f,172,ff67ffa4,1,0,1
345,345,0,0,0026008d,38,ffedff83,1,0,1
346,346,0,0,ff6effad,-146,00a00063,1,0,1
347,347,0,0,fffbff8d,-5,00160081,1,0,1
348,348,0,0,00ac0070,172,ff65ffa4,1,0,1
349,349,0,0,0024008e,36,ffeeff84,1,0,1
350,350,0,0,ff6fffad,-145,00a20062,1,0,1
351,351,0,0,fffaff8e,-6,001a0083,1,0,1
352,352,0,0,00ae006e,174,ff65ffa3,1,0,1
353,353,0,0,0024008e,36,ffeeff86,1,0,1
354,354,0,0,ff71ffad,-143,00a20063,1,0,1
355,355,0,0,fffaff8f,-6,00190083,1,0,1
356,356,0,0,00aa0070,170,ff66ffa5,1,0,1
357,357,0,0,0022008f,34,ffedff82,1,0,1
358,358,0,0,ff71ffad,-143,00a5005f,1,0,1
359,359,0,0,fffaff91,-6,001b0080,1,0,1
360,360,0,0,00a9006d,169,ff67ffa3,1,0,1
361,361,0,0,0024008f,36,ffeaff84,1,0,1
362,362,0,0,ff70ffac,-144,009f0061,1,0,1
363,363,0,0,fff9ff8f,-7,00180082,1,0,1
364,364,0,0,00ae0072,174,ff66ffa5,1,0,1
365,365,0,0,0025008b,37,ffecff85,1,0,1
366,366,0,0,ff72ffb0,-142,00a10062,1,0,1
367,367,0,0,fffaff8f,-6,00190087,1,0,1
368,368,0,0,00af006f,175,ff63ffa4,1,0,1
369,369,0,0,0024008e,36,ffeeff86,1,0,1
370,370,0,0,ff71ffac,-143,00a20063,1,0,1
371,371,0,0,fff8ff8f,-8,00160085,1,0,1
372,372,0,0,00ab0070,171,ff64ffa3,1,0,1
373,373,0,0,0026008c,38,ffeeff89,1,0,1
374,374,0,0,ff6fffb2,-145,00a10064,1,0,1
375,375,0,0,fff7ff8e,-9,00170082,1,0,1
376,376,0,0,00ab006d,171,ff65ffa5,1,0,1
377,377,0,0,0025008d,37,ffeeff85,1,0,1
378,378,0,0,ff6fffae,-145,009f0062,1,0,1
379,379,0,0,fff7ff91,-9,00190082,1,0,1
380,380,0,0,00ad006d,173,ff69ffa3,1,0,1
381,381,0,0,0023008e,35,ffecff84,1,0,1
382,382,0,0,ff6effaf,-146,00a20065,1,0,1
383,383,0,0,fff7ff8c,-9,00180082,1,0,1
384,384,0,0,00aa0072,170,ff67ffa4,1,0,1
385,385,0,0,00240091,36,ffefff83,1,0,1
386,386,0,0,ff6fffad,-145,00a00061,1,0,1
387,387,0,0,fff8ff90,-8,001b0086,1,0,1
388,388,0,0,00ac006f,172,ff65ffa3,1,0,1
389,389,0,0,0024008e,36,ffedff86,1,0,1
390,390,0,0,ff6effae,-146,009f0066,1,0,1
391,391,0,0,fff7ff8e,-9,001a0082,1,0,1
392,392,0,0,00ae0071,174,ff66ffa4,1,0,1
393,393,0,0,0024008e,36,ffeeff86,1,0,1
394,394,0,0,ff71ffb1,-143,009f0064,1,0,1
395,395,0,0,fff7ff8e,-9,001a0082,1,0,1
396,396,0,0,00ad0070,173,ff65ffa5,1,0,1
397,397,0,0,0020008d,32,ffeeff85,1,0,1
398,398,0,0,ff70ffaf,-144,00a10060,1,0,1
399,399,0,0,fff9ff8b,-7,001a0085,1,0,1
400,400,0,0,00ad006f,173,ff64ffa3,1,0,1
401,401,0,0,0024008d,36,ffebff83,1,0,1
402,402,0,0,ff70ffad,-144,00a30062,1,0,1
403,403,0,0,fffaff8d,-6,00180080,1,0,1
404,404,0,0,00ac006e,172,ff65ffa4,1,0,1
405,405,0,0,0022008e,34,ffecff82,1,0,1
406,406,0,0,ff6effae,-146,00a30062,1,0,1
407,407,0,0,fff9ff8f,-7,001b0081,1,0,1
408,408,0,0,00aa006f,170,ff66ffa2,1,0,1
409,409,0,0,0025008f,37,ffecff84,1,0,1
410,410,0,0,ff6dffaf,-147,00a30060,1,0,1
411,411,0,0,fff7ff8e,-9,00190082,1,0,1
412,412,0,0,00ac006f,172,ff65ffa3,1,0,1
413,413,0,0,0024008e,36,ffedff83,1,0,1
414,414,0,0,ff73ffac,-141,00a20063,1,0,1
415,415,0,0,fffaff8e,-6,001b0081,1,0,1
416,416,0,0,00aa0070,170,ff68ffa7,1,0,1
417,417,0,0,0021008e,33,ffebff83,1,0,1
418,418,0,0,ff6fffab,-145,00a10065,1,0,1
419,419,0,0,fffbff8f,-5,001b0086,1,0,1
420,420,0,0,00ad006e,173,ff63ffa3,1,0,1
421,421,0,0,00240090,36,ffedff85,1,0,1
422,422,0,0,ff70ffaf,-144,00a10064,1,0,1
423,423,0,0,fff6ff8d,-10,00170082,1,0,1
424,424,0,0,00ad0070,173,ff69ffa8,1,0,1
425,425,0,0,0026008b,38,ffedff85,1,0,1
426,426,0,0,ff6effaf,-146,00a20065,1,0,1
427,427,0,0,fffaff8f,-6,001c0083,1,0,1
428,428,0,0,00ab006c,171,ff66ffa3,1,0,1
429,429,0,0,0023008d,35,ffeeff85,1,0,1
430,430,0,0,ff73ffaf,-141,00a10062,1,0,1
431,431,0,0,fff8ff8e,-8,001b0080,1,0,1
432,432,0,0,00a90071,169,ff65ffa2,1,0,1
433,433,0,0,0024008e,36,ffecff86,1,0,1
434,434,0,0,ff71ffae,-143,00a10063,1,0,1
435,435,0,0,fff8ff8f,-8,001c0083,1,0,1
436,436,0,0,00ac0071,172,ff66ffa3,1,0,1
437,437,0,0,0023008d,35,ffefff83,1,0,1
438,438,0,0,ff6fffab,-145,00a10063,1,0,1
439,439,0,0,fffbff8f,-5,001a0084,1,0,1
440,440,0,0,00ab006d,171,ff67ffa6,1,0,1
441,441,0,0,0027008d,39,ffedff86,1,0,1
442,442,0,0,ff6fffae,-145,00a60060,1,0,1
443,443,0,0,fff6ff8f,-10,00180084,1,0,1
444,444,0,0,00ad006f,173,ff67ffa2,1,0,1
445,445,0,0,0021008e,33,ffecff86,1,0,1
446,446,0,0,ff71ffae,-143,00a30064,1,0,1
447,447,0,0,fff8ff8f,-8,001b0084,1,0,1
448,448,0,0,00ab006d,171,ff65ffa0,1,0,1
449,449,0,0,0025008d,37,fff0ff86,1,0,1
450,450,0,0,ff6effae,-146,00a00063,1,0,1
451,451,0,0,fffaff8f,-6,00180086,1,0,1
452,452,0,0,00ad0072,173,ff65ffa7,1,0,1
453,453,0,0,0024008b,36,ffecff86,1,0,1
454,454,0,0,ff6effae,-146,00a20061,1,0,1
455,455,0,0,fffbff8d,-5,001a0084,1,0,1
456,456,0,0,00ad006f,173,ff67ffa3,1,0,1
457,457,0,0,0025008f,37,ffedff85,1,0,1
458,458,0,0,ff6dffaf,-147,00a40062,1,0,1
459,459,0,0,fff5ff91,-11,00180081,1,0,1
460,460,0,0,00ab006f,171,ff66ffa3,1,0,1
461,461,0,0,0023008d,35,ffeeff84,1,0,1
462,462,0,0,ff70ffac,-144,00a20062,1,0,1
463,463,0,0,fff4ff8d,-12,00180081,1,0,1
464,464,0,0,00ac006c,172,ff68ffa5,1,0,1
465,465,0,0,0022008e,34,ffedff86,1,0,1
466,466,0,0,ff72ffaf,-142,00a30062,1,0,1
467,467,0,0,fffaff8e,-6,00190080,1,0,1
468,468,0,0,00aa006f,170,ff67ffa3,1,0,1
469,469,0,0,0025008c,37,ffedff86,1,0,1
470,470,0,0,ff6cffae,-148,00a20061,1,0,1
471,471,0,0,fff9ff90,-7,001a0083,1,0,1
472,472,0,0,00ad0070,173,ff67ffa5,1,0,1
473,473,0,0,0023008d,35,ffeeff83,1,0,1
474,474,0,0,ff72ffac,-142,009e0064,1,0,1
475,475,0,0,fff9ff8c,-7,001a0082,1,0,1
476,476,0,0,00ab0072,171,ff67ffa4,1,0,1
477,477,0,0,0024008b,36,ffecff84,1,0,1
478,478,0,0,ff6fffad,-145,00a10062,1,0,1
479,479,0,0,fff8ff8f,-8,00190082,1,0,1
480,480,0,0,00ad006f,173,ff67ffa5,1,0,1
481,481,0,0,0025008c,37,ffedff83,1,0,1
482,482,0,0,ff72ffae,-142,00a20066,1,0,1
483,483,0,0,fff7ff90,-9,001a0084,1,0,1
484,484,0,0,00ad006e,173,ff65ffa4,1,0,1
485,485,0,0,0023008e,35,ffeeff84,1,0,1
486,486,0,0,ff70ffaf,-144,00a30060,1,0,1
487,487,0,0,fff9ff8e,-7,001c0082,1,0,1
488,488,0,0,00aa006b,170,ff66ffa3,1,0,1
489,489,0,0,0025008d,37,ffedff85,1,0,1
490,490,0,0,ff73ffad,-141,009e0062,1,0,1
491,491,0,0,fff8ff8f,-8,001a0082,1,0,1
492,492,0,0,00b0006f,176,ff66ffa4,1,0,1
493,493,0,0,0025008b,37,ffedff85,1,0,1
494,494,0,0,ff70ffae,-144,009f0062,1,0,1
495,495,0,0,fff9ff8e,-7,001a0084,1,0,1
496,496,0,0,00ad006e,173,ff67ffa2,1,0,1
497,497,0,0,0023008b,35,ffedff86,1,0,1
498,498,0,0,ff6fffae,-145,00a00064,1,0,1
499,499,0,0,fffbff8d,-5,00180082,1,0,1
500,500,0,0,00a90070,169,ff68ffa3,1,0,1
501,501,0,0,0024008b,36,ffefff83,1,0,1
502,502,0,0,ff72ffac,-142,00a00062,1,0,1
503,503,0,0,fff7ff8c,-9,001b0084,1,0,1
504,504,0,0,00ac006e,172,ff64ffa1,1,0,1
505,505,0,0,0025008f,37,ffedff83,1,0,1
506,506,0,0,ff71ffaf,-143,00a20063,1,0,1
507,507,0,0,fff8ff8e,-8,001a0083,1,0,1
508,508,0,0,00af006d,175,ff66ffa5,1,0,1
509,509,0,0,0025008c,37,ffefff86,1,0,1
510,510,0,0,ff6effaf,-146,00a10060,1,0,1
511,511,0,0,fffcff91,-4,001a0082,1,0,1
512,512,0,0,00ae006f,174,ff67ffa4,1,0,1
513,513,0,0,0021008d,33,ffeeff85,1,0,1
514,514,0,0,ff6fffae,-145,00a20066,1,0,1
515,515,0,0,fffaff8e,-6,001b0082,1,0,1
516,516,0,0,00ae0070,174,ff65ffa3,1,0,1
517,517,0,0,0024008f,36,fff0ff86,1,0,1
518,518,0,0,ff72ffae,-142,00a20063,1,0,1
519,519,0,0,fffaff8d,-6,001b0083,1,0,1
520,520,0,0,00ac006e,172,ff67ffa3,1,0,1
521,521,0,0,0026008d,38,ffeeff84,1,0,1
522,522,0,0,ff71ffae,-143,00a10065,1,0,1
523,523,0,0,fff9ff8f,-7,001a0083,1,0,1
524,524,0,0,00ad006e,173,ff66ffa2,1,0,1
525,525,0,0,0023008f,35,ffedff85,1,0,1
526,526,0,0,ff71ffad,-143,00a20061,1,0,1
527,527,0,0,fff7ff90,-9,00180082,1,0,1
528,528,0,0,00ad006f,173,ff68ffa5,1,0,1
529,529,0,0,0027008c,39,ffedff85,1,0,1
530,530,0,0,ff71ffb1,-143,00a40063,1,0,1
531,531,0,0,fff7ff90,-9,001b0082,1,0,1
532,532,0,0,00ab0070,171,ff67ffa5,1,0,1
533,533,0,0,0023008d,35,fff0ff86,1,0,1
534,534,0,0,ff70ffb0,-144,00a20063,1,0,1
535,535,0,0,fff8ff8e,-8,00180083,1,0,1
536,536,0,0,00ab006e,171,ff66ffa3,1,0,1
537,537,0,0,0024008d,36,ffefff81,1,0,1
538,538,0,0,ff70ffab,-144,00a00062,1,0,1
539,539,0,0,fff8ff8f,-8,00190082,1,0,1
540,540,0,0,00af006f,175,ff6affa4,1,0,1
541,541,0,0,00260090,38,ffeeff84,1,0,1
542,542,0,0,ff6effab,-146,00a40064,1,0,1
543,543,0,0,fffaff90,-6,001b0084,1,0,1
544,544,0,0,00ab0070,171,ff66ffa3,1,0,1
545,545,0,0,0027008e,39,ffeeff84,1,0,1
546,546,0,0,ff6effae,-146,00a20062,1,0,1
547,547,0,0,fff8ff8a,-8,00180085,1,0,1
548,548,0,0,00ac006f,172,ff68ffa3,1,0,1
549,549,0,0,0023008e,35,ffefff86,1,0,1
550,550,0,0,ff6effaf,-146,00a40064,1,0,1
551,551,0,0,fffaff8d,-6,00170082,1,0,1
552,552,0,0,00ac006e,172,ff65ffa6,1,0,1
553,553,0,0,0025008f,37,fff0ff89,1,0,1
554,554,0,0,ff72ffad,-142,00a00063,1,0,1
555,555,0,0,fff8ff8e,-8,001e0082,1,0,1
556,556,0,0,00ad006f,173,ff65ffa5,1,0,1
557,557,0,0,0024008d,36,ffeeff85,1,0,1
558,558,0,0,ff6effaf,-146,00a30060,1,0,1
559,559,0,0,fffaff91,-6,00160080,1,0,1
560,560,0,0,00ae0070,174,ff68ffa5,1,0,1
561,561,0,0,0024008d,36,ffedff85,1,0,1
562,562,0,0,ff72ffae,-142,00a20061,1,0,1
563,563,0,0,fff6ff8c,-10,00190081,1,0,1
564,564,0,0,00ac0070,172,ff69ffa3,1,0,1
565,565,0,0,0027008c,39,ffedff85,1,0,1
566,566,0,0,ff6fffac,-145,00a10065,1,0,1
567,567,0,0,fff8ff91,-8,00170083,1,0,1
568,568,0,0,00ad006c,173,ff66ffa6,1,0,1
569,569,0,0,0026008c,38,fff0ff85,1,0,1
570,570,0,0,ff70ffaf,-144,00a10063,1,0,1
571,571,0,0,fff8ff8d,-8,00170082,1,0,1
572,572,0,0,00ac0070,172,ff67ffa5,1,0,1
573,573,0,0,0024008d,36,ffedff85,1,0,1
574,574,0,0,ff70ffaf,-144,00a30061,1,0,1
575,575,0,0,fffaff90,-6,00170082,1,0,1
576,576,0,0,00ae006d,174,ff69ffa5,1,0,1
577,577,0,0,00220090,34,ffecff86,1,0,1
578,578,0,0,ff6fffab,-145,00a10062,1,0,1
579,579,0,0,fff8ff8f,-8,00170083,1,0,1
580,580,0,0,00ae0070,174,ff66ffa5,1,0,1
581,581,0,0,00240090,36,fff0ff86,1,0,1
582,582,0,0,ff72ffb2,-142,009f0062,1,0,1
583,583,0,0,fffaff8f,-6,001a0084,1,0,1
584,584,0,0,00ae006f,174,ff65ffa3,1,0,1
585,585,0,0,00240091,36,ffedff85,1,0,1
586,586,0,0,ff70ffae,-144,00a00064,1,0,1
587,587,0,0,fffaff8f,-6,00170082,1,0,1
588,588,0,0,00ab006d,171,ff67ffa4,1,0,1
589,589,0,0,0023008d,35,ffedff87,1,0,1
590,590,0,0,ff73ffae,-141,00a00064,1,0,1
591,591,0,0,fffaff91,-6,00170081,1,0,1
592,592,0,0,00ad006f,173,ff66ffa4,1,0,1
593,593,0,0,0024008d,36,fff0ff85,1,0,1
594,594,0,0,ff71ffaf,-143,00a10064,1,0,1
595,595,0,0,fff8ff91,-8,001b0084,1,0,1
596,596,0,0,00ad006e,173,ff67ffa4,1,0,1
597,597,0,0,0023008f,35,ffeeff83,1,0,1
598,598,0,0,ff74ffb0,-140,00a20064,1,0,1
599,599,0,0,fff8ff90,-8,00190080,1,0,1
600,600,0,0,00ac0070,172,ff67ffa5,1,0,1
601,601,0,0,0025008f,37,ffecff83,1,0,1
602,602,0,0,ff70ffaf,-144,00a10062,1,0,1
603,603,0,0,fff7ff90,-9,00190083,1,0,1
604,604,0,0,00ac006e,172,ff64ffa6,1,0,1
605,605,0,0,0023008e,35,ffebff86,1,0,1
606,606,0,0,ff6dffb0,-147,00a4005e,1,0,1
607,607,0,0,fff9ff89,-7,001a0084,1,0,1
608,608,0,0,00b0006f,176,ff67ffa4,1,0,1
609,609,0,0,0026008e,38,ffedff86,1,0,1
610,610,0,0,ff72ffaf,-142,009f0062,1,0,1
611,611,0,0,fff8ff8c,-8,00190085,1,0,1
612,612,0,0,00ad006f,173,ff68ffa5,1,0,1
613,613,0,0,0023008d,35,ffedff88,1,0,1
614,614,0,0,ff70ffaf,-144,00a00065,1,0,1
615,615,0,0,fff9ff90,-7,001b007f,1,0,1
616,616,0,0,00ad006d,173,ff67ffa5,1,0,1
617,617,0,0,001f008a,31,ffeeff85,1,0,1
618,618,0,0,ff70ffaf,-144,00a30064,1,0,1
619,619,0,0,fff8ff8f,-8,00190081,1,0,1
620,620,0,0,00ac0074,172,ff6affa1,1,0,1
621,621,0,0,0025008e,37,ffecff83,1,0,1
622,622,0,0,ff6effae,-146,00a10065,1,0,1
623,623,0,0,fff9ff8d,-7,00160082,1,0,1
624,624,0,0,00aa006f,170,ff64ffa3,1,0,1
625,625,0,0,00250090,37,ffedff86,1,0,1
626,626,0,0,ff70ffae,-144,00a30064,1,0,1
627,627,0,0,fffbff8e,-5,00180082,1,0,1
628,628,0,0,00ad0072,173,ff65ffa4,1,0,1
629,629,0,0,0025008d,37,ffedff85,1,0,1
630,630,0,0,ff72ffb1,-142,009e0063,1,0,1
631,631,0,0,fffeff8d,-2,00170081,1,0,1
632,632,0,0,00ac006e,172,ff65ffa3,1,0,1
633,633,0,0,0024008e,36,ffedff86,1,0,1
634,634,0,0,ff6fffae,-145,009e0061,1,0,1
635,635,0,0,fffcff90,-4,001b0085,1,0,1
636,636,0,0,00ab0071,171,ff64ffa5,1,0,1
637,637,0,0,0026008c,38,ffedff86,1,0,1
638,638,0,0,ff73ffaf,-141,009f0065,1,0,1
639,639,0,0,fffbff8f,-5,001c0085,1,0,1
640,640,0,0,00ad0070,173,ff63ffa5,1,0,1
641,641,0,0,0026008d,38,ffedff83,1,0,1
642,642,0,0,ff70ffad,-144,00a00063,1,0,1
643,643,0,0,fffaff8d,-6,001a0083,1,0,1
644,644,0,0,00ae006c,174,ff63ffa5,1,0,1
645,645,0,0,0022008f,34,ffefff86,1,0,1
646,646,0,0,ff6cffad,-148,00a20063,1,0,1
647,647,0,0,fff8ff90,-8,001a0081,1,0,1
648,648,0,0,00ad006e,173,ff65ffa7,1,0,1
649,649,0,0,0026008f,38,ffefff85,1,0,1
650,650,0,0,ff6fffaf,-145,00a20062,1,0,1
651,651,0,0,fff8ff90,-8,001c0083,1,0,1
652,652,0,0,00ab006e,171,ff65ffa5,1,0,1
653,653,0,0,0024008c,36,ffebff83,1,0,1
654,654,0,0,ff72ffaf,-142,009f0064,1,0,1
655,655,0,0,fff8ff8f,-8,0017007f,1,0,1
656,656,0,0,00af006f,175,ff65ffa5,1,0,1
657,657,0,0,0024008d,36,ffecff82,1,0,1
658,658,0,0,ff72ffac,-142,00a10064,1,0,1
659,659,0,0,fff7ff90,-9,00180082,1,0,1
660,660,0,0,00af006f,175,ff64ffa4,1,0,1
661,661,0,0,0025008e,37,ffeeff85,1,0,1
662,662,0,0,ff6fffb1,-145,009f0062,1,0,1
663,663,0,0,fffcff90,-4,001a0081,1,0,1
664,664,0,0,00af006f,175,ff66ffa2,1,0,1
665,665,0,0,00260090,38,ffeeff84,1,0,1
666,666,0,0,ff72ffb1,-142,009f0062,1,0,1
667,667,0,0,fff9ff91,-7,001b0083,1,0,1
668,668,0,0,00aa0070,170,ff69ffa3,1,0,1
669,669,0,0,0024008d,36,ffefff83,1,0,1
670,670,0,0,ff72ffae,-142,00a20061,1,0,1
671,671,0,0,fff9ff8d,-7,00170083,1,0,1
672,672,0,0,00ac0070,172,ff69ffa2,1,0,1
673,673,0,0,0026008f,38,ffefff83,1,0,1
674,674,0,0,ff70ffae,-144,00a10061,1,0,1
675,675,0,0,fff6ff8f,-10,001b0080,1,0,1
676,676,0,0,00ac0072,172,ff67ffa2,1,0,1
677,677,0,0,0026008d,38,ffeaff87,1,0,1
678,678,0,0,ff6dffae,-147,00a00064,1,0,1
679,679,0,0,fffaff91,-6,001b0082,1,0,1
680,680,0,0,00ae0073,174,ff64ffa4,1,0,1
681,681,0,0,0023008d,35,ffeeff83,1,0,1
682,682,0,0,ff72ffad,-142,00a20063,1,0,1
683,683,0,0,fff8ff90,-8,001c0082,1,0,1
684,684,0,0,00af006f,175,ff61ffa3,1,0,1
685,685,0,0,00210091,33,fff1ff84,1,0,1
686,686,0,0,ff6fffae,-145,009f0061,1,0,1
687,687,0,0,fffbff90,-5,00190083,1,0,1
688,688,0,0,00b1006c,177,ff67ffa2,1,0,1
689,689,0,0,0024008c,36,ffefff84,1,0,1
690,690,0,0,ff71ffb1,-143,00a00062,1,0,1
691,691,0,0,fff9ff8e,-7,001a0081,1,0,1
692,692,0,0,00af006c,175,ff67ffa2,1,0,1
693,693,0,0,0024008e,36,ffefff84,1,0,1
694,694,0,0,ff6fffaf,-145,00a10064,1,0,1
695,695,0,0,fff9ff8d,-7,001b0082,1,0,1
696,696,0,0,00ad0070,173,ff68ffa2,1,0,1
697,697,0,0,0024008c,36,ffedff84,1,0,1
698,698,0,0,ff6dffaf,-147,00a20061,1,0,1
699,699,0,0,fffbff8f,-5,00160082,1,0,1
700,700,0,0,00ad006f,173,ff65ffa7,1,0,1
701,701,0,0,0023008e,35,ffedff86,1,0,1
702,702,0,0,ff6fffaf,-145,009d0062,1,0,1
703,703,0,0,fff9ff8f,-7,001a0084,1,0,1
704,704,0,0,00ae0070,174,ff67ffa0,1,0,1
705,705,0,0,0022008e,34,ffefff82,1,0,1
706,706,0,0,ff72ffb0,-142,00a20064,1,0,1
707,707,0,0,fff9ff8e,-7,00180081,1,0,1
708,708,0,0,00aa006e,170,ff67ffa6,1,0,1
709,709,0,0,0025008a,37,ffebff84,1,0,1
710,710,0,0,ff71ffac,-143,00a30064,1,0,1
711,711,0,0,fffaff8e,-6,00190084,1,0,1
712,712,0,0,00ae0070,174,ff67ffa5,1,0,1
713,713,0,0,0023008c,35,ffeeff85,1,0,1
714,714,0,0,ff70ffaf,-144,00a30063,1,0,1
715,715,0,0,fff8ff8e,-8,001a0081,1,0,1
716,716,0,0,00ad0072,173,ff67ffa5,1,0,1
717,717,0,0,0024008d,36,ffefff83,1,0,1
718,718,0,0,ff72ffae,-142,00a00064,1,0,1
719,719,0,0,fff8ff8d,-8,001a0083,1,0,1
720,720,0,0,00ae0071,174,ff67ffa3,1,0,1
721,721,0,0,0022008f,34,ffecff87,1,0,1
722,722,0,0,ff70ffaf,-144,00a10063,1,0,1
723,723,0,0,fff8ff8c,-8,00180082,1,0,1
724,724,0,0,00ab0071,171,ff63ffa2,1,0,1
725,725,0,0,0027008c,39,fff0ff85,1,0,1
726,726,0,0,ff70ffae,-144,00a40062,1,0,1
727,727,0,0,fff6ff8d,-10,00180082,1,0,1
728,728,0,0,00ac006e,172,ff67ffa5,1,0,1
729,729,0,0,0026008e,38,ffeeff85,1,0,1
730,730,0,0,ff74ffb1,-140,00a00066,1,0,1
731,731,0,0,fff8ff92,-8,00190083,1,0,1
732,732,0,0,00a90071,169,ff67ffa3,1,0,1
733,733,0,0,0026008e,38,ffeeff84,1,0,1
734,734,0,0,ff6fffaf,-145,00a40062,1,0,1
735,735,0,0,fffbff92,-5,001b0085,1,0,1
736,736,0,0,00aa0071,170,ff68ffa3,1,0,1
737,737,0,0,0026008e,38,ffeeff82,1,0,1
738,738,0,0,ff6fffac,-145,00a10065,1,0,1
739,739,0,0,fffaff8f,-6,001a0083,1,0,1
740,740,0,0,00ab006e,171,ff67ffa4,1,0,1
741,741,0,0,0025008e,37,ffefff81,1,0,1
742,742,0,0,ff72ffaf,-142,00a00062,1,0,1
743,743,0,0,fff6ff92,-10,001a0085,1,0,1
744,744,0,0,00a9006e,169,ff63ffa6,1,0,1
745,745,0,0,0023008d,35,fff1ff85,1,0,1
746,746,0,0,ff71ffaf,-143,00a20062,1,0,1
747,747,0,0,fff9ff8f,-7,001a0084,1,0,1
748,748,0,0,00ab006f,171,ff65ffa6,1,0,1
749,749,0,0,0026008b,38,ffedff85,1,0,1
750,750,0,0,ff71ffad,-143,00a00063,1,0,1
751,751,0,0,fffbff8e,-5,001a0083,1,0,1
752,752,0,0,00ad0070,173,ff65ffa2,1,0,1
753,753,0,0,0024008c,36,ffecff84,1,0,1
754,754,0,0,ff71ffaf,-143,00a20061,1,0,1
755,755,0,0,fff9ff91,-7,001b0085,1,0,1
756,756,0,0,00a80070,168,ff64ffa1,1,0,1
757,757,0,0,0025008d,37,ffefff89,1,0,1
758,758,0,0,ff70ffaf,-144,00a30061,1,0,1
759,759,0,0,fffbff8e,-5,00180084,1,0,1
760,760,0,0,00ad0070,173,ff65ffa5,1,0,1
761,761,0,0,0023008c,35,ffebff83,1,0,1
762,762,0,0,ff72ffaf,-142,00a00065,1,0,1
763,763,0,0,fff9ff8a,-7,00150084,1,0,1
764,764,0,0,00ac006d,172,ff66ffa4,1,0,1
765,765,0,0,0022008d,34,ffeeff84,1,0,1
766,766,0,0,ff70ffaf,-144,009f0064,1,0,1
767,767,0,0,fff8ff8e,-8,001c0082,1,0,1
768,768,0,0,00ae006f,174,ff63ffa5,1,0,1
769,769,0,0,0024008c,36,ffefff83,1,0,1
770,770,0,0,ff70ffb0,-144,00a10066,1,0,1
771,771,0,0,fff9ff92,-7,001a007f,1,0,1
772,772,0,0,00aa006d,170,ff65ffa4,1,0,1
773,773,0,0,0025008c,37,ffeeff86,1,0,1
774,774,0,0,ff6effad,-146,00a40064,1,0,1
775,775,0,0,fff9ff8b,-7,00180085,1,0,1
776,776,0,0,00ac006f,172,ff67ffa3,1,0,1
777,777,0,0,0023008d,35,ffecff84,1,0,1
778,778,0,0,ff6fffab,-145,00a20064,1,0,1
779,779,0,0,fffaff8d,-6,001b0082,1,0,1
780,780,0,0,00ac006c,172,ff65ffa3,1,0,1
781,781,0,0,0022008d,34,ffeeff88,1,0,1
782,782,0,0,ff71ffae,-143,00a10063,1,0,1
783,783,0,0,fffcff8e,-4,001a007f,1,0,1
784,784,0,0,00b0006d,176,ff65ffa7,1,0,1
785,785,0,0,0024008e,36,ffedff83,1,0,1
786,786,0,0,ff6fffaf,-145,00a00063,1,0,1
787,787,0,0,fff7ff91,-9,00180083,1,0,1
788,788,0,0,00ae006f,174,ff66ffa6,1,0,1
789,789,0,0,0020008c,32,ffeeff86,1,0,1
790,790,0,0,ff71ffad,-143,00a20064,1,0,1
791,791,0,0,fffaff8e,-6,00150081,1,0,1
792,792,0,0,00ae006f,174,ff67ffa2,1,0,1
793,793,0,0,0026008e,38,ffefff84,1,0,1
794,794,0,0,ff6effae,-146,00a10064,1,0,1
795,795,0,0,fffaff8f,-6,001a0083,1,0,1
796,796,0,0,00ac006f,172,ff68ffa5,1,0,1
797,797,0,0,0026008d,38,ffebff85,1,0,1
798,798,0,0,ff6effac,-146,00a40061,1,0,1
799,799,0,0,fff7ff90,-9,00180082,1,0,1
800,800,0,0,00a9006c,169,ff65ffa6,1,0,1
801,801,0,0,0022008e,34,ffedff85,1,0,1
802,802,0,0,ff6fffad,-145,00a00067,1,0,1
803,803,0,0,fffbff91,-5,001a0085,1,0,1
804,804,0,0,00ab006d,171,ff64ffa4,1,0,1
805,805,0,0,0023008c,35,ffefff86,1,0,1
806,806,0,0,ff6dffb2,-147,00a20060,1,0,1
807,807,0,0,fff9ff91,-7,001a0083,1,0,1
808,808,0,0,00ac006c,172,ff68ffa4,1,0,1
809,809,0,0,0025008b,37,ffeeff87,1,0,1
810,810,0,0,ff74ffaf,-140,00a10062,1,0,1
811,811,0,0,fff9ff8e,-7,00160084,1,0,1
812,812,0,0,00ae0070,174,ff64ffa2,1,0,1
813,813,0,0,0027008b,39,fff2ff85,1,0,1
814,814,0,0,ff6effac,-146,00a30063,1,0,1
815,815,0,0,fff7ff92,-9,00180083,1,0,1
816,816,0,0,00ad006d,173,ff64ffa5,1,0,1
817,817,0,0,0025008d,37,ffebff82,1,0,1
818,818,0,0,ff6effb0,-146,00a20062,1,0,1
819,819,0,0,fff7ff8f,-9,001b0080,1,0,1
820,820,0,0,00a9006e,169,ff68ffa2,1,0,1
821,821,0,0,0024008e,36,ffedff7f,1,0,1
822,822,0,0,ff6fffad,-145,00a20064,1,0,1
823,823,0,0,fff7ff8e,-9,001b0082,1,0,1
824,824,0,0,00ac0070,172,ff66ffa1,1,0,1
825,825,0,0,0022008e,34,ffeeff84,1,0,1
826,826,0,0,ff6fffb1,-145,00a10064,1,0,1
827,827,0,0,fff9ff8c,-7,00190080,1,0,1
828,828,0,0,00ac006d,172,ff66ffa3,1,0,1
829,829,0,0,00220090,34,ffecff84,1,0,1
830,830,0,0,ff71ffaf,-143,00a20063,1,0,1
831,831,0,0,fff4ff8e,-12,00180082,1,0,1
832,832,0,0,00a9006d,169,ff66ffa3,1,0,1
833,833,0,0,0022008c,34,ffefff84,1,0,1
834,834,0,0,ff6effb1,-146,00a20062,1,0,1
835,835,0,0,fffbff8d,-5,001d0082,1,0,1
836,836,0,0,00ad0071,173,ff66ffa5,1,0,1
837,837,0,0,0024008d,36,ffeaff83,1,0,1
838,838,0,0,ff6fffaf,-145,00a30062,1,0,1
839,839,0,0,fff8ff8d,-8,00170084,1,0,1
840,840,0,0,00ad006d,173,ff64ffa5,1,0,1
841,841,0,0,0025008c,37,ffedff86,1,0,1
842,842,0,0,ff6dffa9,-147,009f0064,1,0,1
843,843,0,0,fff9ff8d,-7,00190081,1,0,1
844,844,0,0,00ac006e,172,ff65ffa2,1,0,1
845,845,0,0,0027008d,39,ffedff83,1,0,1
846,846,0,0,ff72ffad,-142,00a20063,1,0,1
847,847,0,0,fff7ff8f,-9,00190084,1,0,1
848,848,0,0,00ae006f,174,ff66ffa3,1,0,1
849,849,0,0,0024008e,36,ffefff83,1,0,1
850,850,0,0,ff6effac,-146,00a20065,1,0,1
851,851,0,0,fff8ff8e,-8,001b0086,1,0,1
852,852,0,0,00ad006e,173,ff67ffa4,1,0,1
853,853,0,0,0025008c,37,ffedff86,1,0,1
854,854,0,0,ff6fffae,-145,00a10060,1,0,1
855,855,0,0,fff8ff90,-8,00190082,1,0,1
856,856,0,0,00ac0071,172,ff66ffa2,1,0,1
857,857,0,0,0023008c,35,ffebff84,1,0,1
858,858,0,0,ff71ffae,-143,00a20066,1,0,1
859,859,0,0,fff9ff90,-7,001c0083,1,0,1
860,860,0,0,00ae0073,174,ff67ffa3,1,0,1
861,861,0,0,0025008e,37,ffecff85,1,0,1
862,862,0,0,ff71ffaf,-143,009f0064,1,0,1
863,863,0,0,fff6ff8e,-10,00190086,1,0,1
864,864,0,0,00ac0070,172,ff64ffa4,1,0,1
865,865,0,0,00220090,34,ffeaff87,1,0,1
866,866,0,0,ff71ffae,-143,00a30063,1,0,1
867,867,0,0,fff5ff8f,-11,00190086,1,0,1
868,868,0,0,00ad006e,173,ff66ffa3,1,0,1
869,869,0,0,0025008d,37,ffeeff85,1,0,1
870,870,0,0,ff6fffae,-145,00a20066,1,0,1
871,871,0,0,fff9ff92,-7,001a0084,1,0,1
872,872,0,0,00ac006e,172,ff66ffa4,1,0,1
873,873,0,0,0022008f,34,ffedff84,1,0,1
874,874,0,0,ff70ffb0,-144,00a20064,1,0,1
875,875,0,0,fff7ff8d,-9,001b0083,1,0,1
876,876,0,0,00ad0071,173,ff66ffa1,1,0,1
877,877,0,0,0024008e,36,ffeeff87,1,0,1
878,878,0,0,ff6effad,-146,00a30063,1,0,1
879,879,0,0,fffcff8b,-4,001a0086,1,0,1
880,880,0,0,00ae006e,174,ff66ffa4,1,0,1
881,881,0,0,0025008e,37,ffedff85,1,0,1
882,882,0,0,ff72ffb0,-142,009f0063,1,0,1
883,883,0,0,fffaff8e,-6,00170085,1,0,1
884,884,0,0,00b00070,176,ff67ffa4,1,0,1
885,885,0,0,0025008e,37,ffefff83,1,0,1
886,886,0,0,ff6fffb0,-145,00a10061,1,0,1
887,887,0,0,fffcff8f,-4,001c007f,1,0,1
888,888,0,0,00aa006e,170,ff69ffa7,1,0,1
889,889,0,0,001f008a,31,fff4ff89,1,0,1
890,890,0,0,ff6effab,-146,00a50065,1,0,1
891,891,0,0,fff8ff8b,-8,001c0087,1,0,1
892,892,0,0,00ae006e,174,ff67ffa4,1,0,1
893,893,0,0,0024008a,36,ffedff85,1,0,1
894,894,0,0,ff6fffb1,-145,009f0063,1,0,1
895,895,0,0,fffdff91,-3,00180080,1,0,1
896,896,0,0,00ab0072,171,ff65ffa2,1,0,1
897,897,0,0,0022008b,34,ffefff82,1,0,1
898,898,0,0,ff71ffae,-143,00a00064,1,0,1
899,899,0,0,fff8ff8e,-8,001a0087,1,0,1
900,900,0,0,00aa006d,170,ff67ffa7,1,0,1
901,901,0,0,0022008d,34,ffefff85,1,0,1
902,902,0,0,ff70ffad,-144,00a60062,1,0,1
903,903,0,0,fff9ff91,-7,001b0083,1,0,1
904,904,0,0,00ad006f,173,ff62ffa4,1,0,1
905,905,0,0,00240090,36,ffeaff85,1,0,1
906,906,0,0,ff6affaf,-150,00a20063,1,0,1
907,907,0,0,fff8ff8f,-8,00190083,1,0,1
908,908,0,0,00ab006d,171,ff68ffa3,1,0,1
909,909,0,0,0025008d,37,ffeeff88,1,0,1
910,910,0,0,ff6fffae,-145,00a20065,1,0,1
911,911,0,0,fff6ff8f,-10,00180082,1,0,1
912,912,0,0,00ab006f,171,ff65ffa6,1,0,1
913,913,0,0,0026008f,38,ffedff86,1,0,1
914,914,0,0,ff6fffad,-145,00a10066,1,0,1
915,915,0,0,fffcff90,-4,00170082,1,0,1
916,916,0,0,00ae006e,174,ff66ffa3,1,0,1
917,917,0,0,0024008c,36,ffeeff84,1,0,1
918,918,0,0,ff6fffac,-145,00a10064,1,0,1
919,919,0,0,fff9ff8e,-7,001a0082,1,0,1
920,920,0,0,00a7006c,167,ff66ffa7,1,0,1
921,921,0,0,0022008d,34,ffedff83,1,0,1
922,922,0,0,ff6fffac,-145,00a10061,1,0,1
923,923,0,0,fff7ff8d,-9,00180083,1,0,1
924,924,0,0,00ab006f,171,ff69ffa4,1,0,1
925,925,0,0,0023008e,35,fff0ff84,1,0,1
926,926,0,0,ff71ffae,-143,00a20062,1,0,1
927,927,0,0,fff8ff90,-8,001b0084,1,0,1
928,928,0,0,00ab0070,171,ff66ffa3,1,0,1
929,929,0,0,0025008f,37,ffefff85,1,0,1
930,930,0,0,ff73ffaf,-141,009f0064,1,0,1
931,931,0,0,fffdff90,-3,001b0082,1,0,1
932,932,0,0,00ad006e,173,ff64ffa5,1,0,1
933,933,0,0,0024008c,36,ffeeff87,1,0,1
934,934,0,0,ff6fffae,-145,00a20066,1,0,1
935,935,0,0,fffaff8e,-6,001a0083,1,0,1
936,936,0,0,00ad006d,173,ff66ffa3,1,0,1
937,937,0,0,0021008d,33,ffecff86,1,0,1
938,938,0,0,ff6dffb0,-147,00a00062,1,0,1
939,939,0,0,fffaff8e,-6,00180081,1,0,1
940,940,0,0,00ad006f,173,ff69ffa3,1,0,1
941,941,0,0,0023008d,35,ffefff85,1,0,1
942,942,0,0,ff70ffac,-144,00a10063,1,0,1
943,943,0,0,fffcff91,-4,001c0083,1,0,1
944,944,0,0,00ae0070,174,ff66ffa1,1,0,1
945,945,0,0,0022008e,34,ffeeff83,1,0,1
946,946,0,0,ff71ffae,-143,009e0066,1,0,1
947,947,0,0,fff9ff8d,-7,001a0082,1,0,1
948,948,0,0,00ac0070,172,ff64ffa3,1,0,1
949,949,0,0,00230091,35,ffedff87,1,0,1
950,950,0,0,ff6fffae,-145,00a30061,1,0,1
951,951,0,0,fff9ff90,-7,001b0082,1,0,1
952,952,0,0,00ac006d,172,ff65ffa4,1,0,1
953,953,0,0,0023008c,35,ffeeff86,1,0,1
954,954,0,0,ff6effaf,-146,00a00065,1,0,1
955,955,0,0,fffaff8c,-6,00170085,1,0,1
956,956,0,0,00ac006d,172,ff65ffa2,1,0,1
957,957,0,0,0024008e,36,ffecff84,1,0,1
958,958,0,0,ff6dffaf,-147,00a30063,1,0,1
959,959,0,0,fffcff8e,-4,001b0082,1,0,1
960,960,0,0,00ab006e,171,ff66ffa4,1,0,1
961,961,0,0,0025008d,37,ffeeff83,1,0,1
962,962,0,0,ff6fffaf,-145,00a20062,1,0,1
963,963,0,0,fffcff8d,-4,001b0083,1,0,1
964,964,0,0,00ac006e,172,ff66ffa2,1,0,1
965,965,0,0,0027008d,39,ffedff86,1,0,1
966,966,0,0,ff6effb0,-146,00a10064,1,0,1
967,967,0,0,fffbff8d,-5,001c0084,1,0,1
968,968,0,0,00ad006e,173,ff65ffa6,1,0,1
969,969,0,0,0023008f,35,ffefff84,1,0,1
970,970,0,0,ff6fffb1,-145,00a10063,1,0,1
971,971,0,0,fffbff8e,-5,00190082,1,0,1
972,972,0,0,00ab006f,171,ff65ffa2,1,0,1
973,973,0,0,0024008c,36,ffeeff85,1,0,1
974,974,0,0,ff70ffae,-144,00a10061,1,0,1
975,975,0,0,fff8ff8d,-8,001c0082,1,0,1
976,976,0,0,00ae006e,174,ff65ffa3,1,0,1
977,977,0,0,0023008d,35,ffedff83,1,0,1
978,978,0,0,ff6effb0,-146,00a40061,1,0,1
979,979,0,0,fff9ff91,-7,001b0083,1,0,1
980,980,0,0,00ac006f,172,ff65ffa3,1,0,1
981,981,0,0,0026008b,38,ffeeff83,1,0,1
982,982,0,0,ff70ffac,-144,00a00064,1,0,1
983,983,0,0,fff8ff8e,-8,00190082,1,0,1
984,984,0,0,00ad006f,173,ff68ffa4,1,0,1
985,985,0,0,0026008c,38,ffeeff87,1,0,1
986,986,0,0,ff71ffaf,-143,00a20061,1,0,1
987,987,0,0,fff9ff90,-7,00180083,1,0,1
988,988,0,0,00ab006e,171,ff66ffa5,1,0,1
989,989,0,0,0020008b,32,fff0ff82,1,0,1
990,990,0,0,ff6effab,-146,00a20062,1,0,1
991,991,0,0,fff7ff90,-9,001b0084,1,0,1
992,992,0,0,00ae006f,174,ff68ffa3,1,0,1
993,993,0,0,0025008e,37,ffeeff85,1,0,1
994,994,0,0,ff72ffaf,-142,00a30062,1,0,1
995,995,0,0,fffbff8d,-5,001a0081,1,0,1
996,996,0,0,00ad0070,173,ff67ffa2,1,0,1
997,997,0,0,00250091,37,ffefff84,1,0,1
998,998,0,0,ff6dffae,-147,00a10064,1,0,1
999,999,0,0,fff9ff8e,-7,00180085,1,0,1
1000,1000,0,0,00ae006f,174,ff65ffa4,1,0,1
1001,1001,0,0,0025008f,37,ffedff87,1,0,1
1002,1002,0,0,ff6effaf,-146,00a10064,1,0,1
1003,1003,0,0,fff8ff8f,-8,00180083,1,0,1
1004,1004,0,0,00ae006d,174,ff67ffa7,1,0,1
1005,1005,0,0,0025008d,37,ffeaff85,1,0,1
1006,1006,0,0,ff71ffae,-143,00a10062,1,0,1
1007,1007,0,0,fffcff8f,-4,00180086,1,0,1
1008,1008,0,0,00aa0070,170,ff66ffa2,1,0,1
1009,1009,0,0,0026008c,38,ffeeff87,1,0,1
1010,1010,0,0,ff6effb0,-146,00a10062,1,0,1
1011,1011,0,0,fff8ff8e,-8,00180081,1,0,1
1012,1012,0,0,00af0070,175,ff65ffa5,1,0,1
1013,1013,0,0,0027008a,39,ffeeff83,1,0,1
1014,1014,0,0,ff6fffaf,-145,00a20064,1,0,1
1015,1015,0,0,fff7ff8d,-9,001a0083,1,0,1
1016,1016,0,0,00af0071,175,ff64ffa5,1,0,1
1017,1017,0,0,0024008d,36,ffeeff87,1,0,1
1018,1018,0,0,ff6effab,-146,00a40064,1,0,1
1019,1019,0,0,fff8ff8e,-8,001a0081,1,0,1
1020,1020,0,0,00ad0070,173,ff65ffa3,1,0,1
1021,1021,0,0,0027008b,39,ffecff83,1,0,1
1022,1022,0,0,ff6dffaf,-147,00a20062,1,0,1
1023,1023,0,0,fff9ff8f,-7,00170084,1,0,1
